Loc,WH_mean,WH_sd,WH_min,WH_max,RH_mean,RH_sd,RH_min,RH_max,SH_mean,SH_sd,SH_min,SH_max,BH_mean,BH_sd,BH_min,BH_max,CD_mean,CD_sd,CD_min,CD_max,RD_mean,RD_sd,RD_min,RD_max,CW_mean,CW_sd,CW_min,CW_max,SIL_mean,SIL_sd,SIL_min,SIL_max,BL_mean,BL_sd,BL_min,BL_max,HL_mean,HL_sd,HL_min,HL_max,HW_mean,HW_sd,HW_min,HW_max,EL_mean,EL_sd,EL_min,EL_max,MD_mean,MD_sd,MD_min,MD_max,NL_mean,NL_sd,NL_min,NL_max,NG_mean,NG_sd,NG_min,NG_max,TL_mean,TL_sd,TL_min,TL_max,HG_mean,HG_sd,HG_min,HG_max,CC_mean,CC_sd,CC_min,CC_max,AG_mean,AG_sd,AG_min,AG_max,BD_mean,BD_sd,BD_min,BD_max,RL_mean,RL_sd,RL_min,RL_max,RW_mean,RW_sd,RW_min,RW_max,TC_mean,TC_sd,TC_min,TC_max,HC_mean,HC_sd,HC_min,HC_max,BW_mean,BW_sd,BW_min,BW_max,MI_mean,MI_sd,MI_min,MI_max,IGS_mean,IGS_sd,IGS_min,IGS_max,IAT_mean,IAT_sd,IAT_min,IAT_max,USI_mean,USI_sd,USI_min,USI_max,BI_mean,BI_sd,BI_min,BI_max,IP_mean,IP_sd,IP_min,IP_max,CDI_mean,CDI_sd,CDI_min,CDI_max,SI_mean,SI_sd,SI_min,SI_max,Ba_mean,Ba_sd,Ba_min,Ba_max,IBR_mean,IBR_sd,IBR_min,IBR_max,PI_mean,PI_sd,PI_min,PI_max,IC_mean,IC_sd,IC_min,IC_max,BR_mean,BR_sd,BR_min,BR_max,TD_mean,TD_sd,TD_min,TD_max
adjohoun,49.63265306122449,3.20119689563542,43.7,56.6,50.9,2.6941294203013584,46,57.6,33.95102040816327,2.568164264036635,26.1,38.7,49.39795918367347,2.8635998466323214,43.8,55.8,23.33469387755102,1.9958865010741638,19.8,28.5,23.557142857142857,2.537551313110075,19.2,31.5,13.491836734693878,1.517102053078758,9.9,17.5,50.7734693877551,4.059185853828126,42.4,59.6,71.41224489795918,5.5944404193308,60.5,84.6,16.738775510204082,1.8286853573139425,13.2,21.2,8.185714285714285,0.6069047152011041,6.5,9.6,9.875510204081632,0.9915330327841029,7.7,11.7,18.724489795918366,1.2863920171427943,15.3,21.1,20.314285714285713,2.3191233976080996,14.5,25.8,21.183673469387756,2.168462102771562,17.3,26.2,19.489795918367346,4.039711463394755,10.7,32.2,59.6469387755102,4.4507537770217604,50.1,72.7,72.48571428571428,7.453802161760577,56.2,94.6,64.21836734693878,6.348643997913641,47.6,82.8,30.518367346938774,3.437760503425386,25.8,38.4,11.787755102040816,1.3954737327429385,10,15.5,7.9918367346938775,1.0578745858823637,6,10.8,5.979591836734694,0.5560199306367588,5.1,7.6,16.56326530612245,1.5522421790149001,13.2,20.6,16.689591836734692,4.0678008796644205,11.4,31.9,33.52448979591837,7.143092835397146,21.23,56.36,1.1340816326530612,0.1365179836649574,0.95,1.47,0.42448979591836733,0.04641574914517144,0.33,0.53,52.965714285714284,2.8898096823147372,48.74,59.59,10.04061224489796,0.8008417659023569,8.37,12.44,68.75816326530612,12.092543272865408,42.86,93.14,47.03938775510204,2.892976702408831,40.41,51.26,98.11020408163266,7.159456302039724,84.56,120.67,0.30244897959183675,0.05599593036718896,0.17,0.47,85.34183673469387,6.8398698432637675,72.78,106.43,1.252857142857143,0.05711829829397933,1.17,1.46,49.32673469387755,5.336161380834816,41.41,61.27,0.6673469387755102,0.046982953921434874,0.52,0.74,1.7648979591836735,0.16825232104614474,1.52,2.38
Aplahoue,54.527419354838706,2.89369973375391,44.8,60.6,54.47741935483871,2.842442920391687,44.6,60.4,34.33548387096774,2.5805766780971395,23.8,38.8,52.97258064516129,2.8223446452671985,42.6,60.3,25.40483870967742,1.372615956385069,22.5,28,26.420967741935485,1.779955525026821,23,30.5,13.064516129032258,1.142917861195855,10.8,15.3,51.811290322580646,2.318924626314483,44.3,57.2,74.33387096774193,3.301760263183375,64.9,79.7,18.78548387096774,0.7867440215681937,16.8,21.2,8.23225806451613,0.4776219073799979,7,9.2,10.417741935483871,0.7608287529578125,9,13.6,18.408064516129034,0.9095663508447892,16.3,20.5,23.438709677419354,1.335683632747687,21.3,27.6,21.783870967741937,1.4604281371342702,18.4,25.4,22.711290322580645,2.6807819289148855,10.8,31.8,61.36290322580645,3.1826493691380247,54.3,67.6,72.84838709677419,4.688064438077668,63.8,81.8,67.45967741935483,4.294237834908593,57.6,77.8,30.906451612903226,2.408242061232458,26,35.6,10.746774193548386,0.553296452698742,9.8,12.4,8.396774193548387,0.47871677582288374,7.6,9.6,6.037096774193548,0.42435442616498886,5.4,7.4,15.04516129032258,0.8334556582174611,13.2,17.6,20.879032258064516,2.3323903939439536,17,26,38.291612903225804,3.7310887935567205,31.6,46.67,1.1487096774193548,0.11140656411434241,0.72,1.45,0.41096774193548385,0.027740582653670014,0.36,0.52,53.347741935483874,2.493749181752502,41.96,59.14,9.843548387096774,0.5805681128738301,8.52,12.25,78.22564516129032,4.274978140474355,66.1,85.71,46.652258064516126,2.493749181752502,40.86,58.04,105.29064516129033,4.355114525217803,86.99,116.93,0.2745161290322581,0.0345783699733788,0.22,0.4,84.54016129032259,3.637869351169983,76.59,94.51,1.2967741935483872,0.06129140804516281,1.16,1.62,43.83725806451613,2.123918563283086,38.04,48.86,0.6301612903225806,0.04071057120876395,0.44,0.76,1.7959677419354838,0.15191088497913974,1.5,2.58
bassila,65.54285714285714,5.378307398818934,56.8,73.2,68.41428571428571,5.414618660450174,59.9,76.3,37.957142857142856,5.265883003782348,31.8,46.1,66.51428571428572,5.069657638482955,58,74,29.357142857142858,0.7524562952029019,28.5,30.3,30.17142857142857,1.5734402707806496,27.1,32,16.414285714285715,0.4980915960897538,15.5,17.1,65.42857142857143,3.1810450514017603,60.8,69.7,93.12857142857143,5.147074989970606,85.4,99.1,17.900000000000002,1.6980380835933369,16.1,20.5,10.428571428571429,0.6575568054403759,9.7,11.5,12.014285714285714,1.7985443849852318,10.5,15.3,19.485714285714288,0.924533344321288,18.2,20.5,22.9,1.7088007490635058,20.5,25.4,26.02857142857143,1.5359191446972784,23.8,27.3,35.042857142857144,4.620193770415964,29.2,43.1,76.7,3.625833237569909,71.6,81.2,88.55714285714285,4.182844782703572,80.1,93,81.14285714285714,5.297438734224034,69.5,85,37.15714285714286,3.4717225037230635,33.4,43.8,15.057142857142857,1.2594405409508131,13.6,16.8,16.6,0.8082903768654759,15.5,17.4,7.057142857142857,0.2819996622760559,6.8,7.5,18.814285714285713,1.0854009572942334,17.5,20.3,35.57142857142857,4.246847570341357,30.5,40.5,54.254285714285714,4.395307562779715,46.64,59.05,1.2285714285714286,0.14667748877822295,0.97,1.44,0.4085714285714286,0.05669467095138409,0.36,0.51,55.002857142857145,3.0697921443517666,49.3,59.02,9.218571428571428,0.5280602418736137,8.45,10.06,110.74428571428571,8.67691353946947,102.38,123.4,44.997142857142855,3.0697921443517666,40.98,50.7,100.09428571428572,5.185797454403251,89.45,106.09,0.5185714285714286,0.035321651258386086,0.49,0.58,85.36285714285714,3.55274407693412,81.81,91.48,1.41,0.07325753658611968,1.31,1.53,58.65428571428571,6.1218974649555,51.56,67.25,0.5528571428571428,0.043861253103502675,0.49,0.62,2.045714285714286,0.22269988346480585,1.69,2.31
bonou,49.61142857142857,3.3560105367368966,42,56.3,51.30571428571429,3.282748387371459,42.9,58.2,33.457142857142856,3.039377424087114,25.3,41.3,49.68857142857143,3.337026805280363,41.8,57.2,22.54,2.0779231713136928,18,27.2,22.645714285714284,2.1511068091105288,18.3,29.3,13.331428571428571,1.4571873448473236,10.1,15.8,50.81428571428572,4.564449767570268,45.5,64.2,66.88,6.312303578772827,56.4,80.8,15.905714285714286,1.6998170934722667,13.1,18.6,7.7542857142857144,0.7118091520257119,6.8,10.1,10.06,0.9885223672675472,8.2,11.8,18.925714285714285,1.3519795632685423,16.2,22,19.737142857142857,2.7724575755822416,13.5,26,20.12,2.0613816040818493,17,25.7,18.905714285714286,3.7221864903450985,12.2,28,58.21142857142857,4.968889769980663,49.5,72.3,71,8.014288710135903,58.4,95.4,63.60285714285715,8.104700368750647,50.5,84.8,29.165714285714287,1.583730305535721,25.8,33.9,11.531428571428572,1.4480760925268736,10,15,7.825714285714286,0.900112037844328,6.8,10,5.82,0.5671393645511916,5,7.2,19.64,1.8541210062674853,16.2,23.4,14.78657142857143,2.8605521298160186,10.2,24.85,29.788857142857143,5.374675788541367,22.02,49.9,1.2134285714285715,0.19161761642492517,0.83,1.9,0.44971428571428573,0.051932405970799844,0.36,0.56,54.50857142857143,3.68609401340094,45.38,65.52,10.01142857142857,0.7147074385292738,8.31,11.71,69.22,13.31172349295692,46.26,92.16,45.49142857142857,3.6860940134009406,34.48,54.62,98.33114285714285,6.95696551980082,84.42,112.15,0.30457142857142855,0.060212508820737524,0.21,0.49,87.64028571428571,8.237109175130874,73.95,104.9,1.2714285714285714,0.06508559328900301,1.16,1.53,49.46885714285714,8.202957777687326,39.01,66.45,0.6531428571428571,0.04921569743435096,0.48,0.76,1.7534285714285713,0.23872138395976145,1.39,2.86
Bopa,52.28292682926829,3.2994622621742766,48.5,64.5,53.28292682926829,5.32437331706861,48.7,79.6,32.74146341463415,3.1217763861106467,29.6,49.6,51.30731707317073,3.1532039455054632,47.5,62.5,22.92439024390244,1.972914150160224,20.3,30.5,24.770731707317072,2.199459467964689,21,32,12.792682926829269,0.9158029929800511,10.8,15.8,49.13170731707317,3.10301780726362,42.8,61.6,72.10243902439024,4.5884903729264845,63.8,91.8,19.09268292682927,1.4022107979726943,16.8,25.6,9.397560975609757,0.5939224717410722,8.4,11.8,10.804878048780488,1.2035263228347346,10,17,18.314634146341465,1.069944151722359,16.5,21.6,21.16829268292683,1.574077352672073,17.5,25.8,22.153658536585365,1.7656581720389153,19.5,27.5,22.202439024390245,3.575995512083177,16.8,40.8,59.609756097560975,5.387615654352525,51.5,79.5,72.75317073170731,6.472009903818284,61.8,89.4,67.2,6.2819582933986435,56.8,82.6,30.33170731707317,2.5609020895370285,25.8,39.8,11.014634146341464,1.0384028542934953,9.8,16.5,9.363414634146341,0.7529130419779485,8.2,12.4,5.741463414634146,0.42366001094987565,5,7,15.434146341463414,1.1733732901548342,13.5,18.5,19.46121951219512,4.149503702325105,14.75,38.5,36.98756097560975,5.533137347151165,29.15,59.69,1.2865853658536586,0.11206270021951019,1.09,1.49,0.4721951219512195,0.03704809003997044,0.42,0.56,56.17146341463415,2.145176637220825,52.05,59.8,9.658536585365853,0.5537894950954276,8.59,11.17,85.19731707317074,4.857341878224264,75.15,96.3,43.829268292682926,2.1460910864218956,40.2,47.95,106.47243902439024,3.513916462074621,100.98,114.86,0.35292682926829266,0.027770839241822023,0.3,0.42,82.67024390243903,3.896036118803878,72.93,90.87,1.3158536585365854,0.08074576180073162,1.15,1.77,49.28780487804878,2.051601218798529,44.86,52.75,0.6168292682926829,0.04719316817031063,0.39,0.77,1.8234146341463415,0.11405283328566548,1.6,2.04
Boukoumb√©,56.07096774193548,3.205224230157915,51,65,56.174193548387095,3.250535108966469,51.5,64.5,35.49032258064516,2.592341906296271,31.8,41,54.42580645161291,2.731174075000894,50,62,26.93548387096774,1.364685162005453,25,30,27.3,1.5947831618540913,24.8,30,13.638709677419355,1.0352704700881596,12,16.8,54.87741935483871,2.6615421190755,50.6,60.4,79.86774193548386,3.6242136707405628,73.8,88.6,19.848387096774193,1.2719724755255608,17.6,22.5,8.82258064516129,0.6907530564146905,7.5,10,10.893548387096775,1.3140105235172124,9,15,19.625806451612902,1.233684925182948,17.5,22,23.55483870967742,1.4308129879378413,21.5,26.8,22.44516129032258,1.462837131439546,20,25,25.93548387096774,4.320767554273721,16.5,36,64.56129032258065,2.740763569926555,59.6,72.6,73.98064516129033,4.2655534502053944,66.5,83.5,69.3225806451613,4.06183125182221,62.8,76.9,32.47096774193548,3.354816790664541,28,43,11.638709677419355,0.7251102993590418,10,13.4,8.687096774193549,0.6591620617540986,7.8,9.8,6.158064516129032,0.5572397410740355,5,7,16.309677419354838,1.2364882635134276,14,18.5,24.048387096774192,3.2973596475303224,19,33,42.785483870967745,4.24664089896134,35.51,50.88,1.086774193548387,0.0821943670727783,0.96,1.28,0.40419354838709676,0.03998117836752581,0.33,0.54,51.91225806451613,1.8625837067139104,49.02,56.15,9.538064516129033,0.7603307146886312,8,10.97,74.8058064516129,6.031909467818378,65.08,86.24,48.08774193548387,1.8625837067139104,43.85,50.98,102.18354838709678,3.280856136627651,95.41,109.06,0.2764516129032258,0.034789690723620426,0.2,0.33,85.00516129032258,2.2163616897485268,81.09,88.85,1.2938709677419356,0.02928906728398146,1.23,1.36,44.4441935483871,1.9468072566701762,41.03,47.5,0.6312903225806452,0.02334408354506856,0.58,0.68,1.824516129032258,0.10049340640650407,1.69,2.04
dangbo,48.45789473684211,3.9908667659870147,38.6,54.6,50.1,3.994162406980134,39.9,56.5,33.373684210526314,3.8477759962033997,20.3,38,48.72105263157895,4.152988073847609,38.5,56,23.042105263157893,2.079347063509677,18.1,27,22.510526315789473,2.522761876471919,17.1,26.6,13.905263157894737,1.97975129869344,10.4,17.3,51.33684210526316,4.560970964646769,43.5,60,68.38947368421053,5.8066910386823105,60,78.6,15.489473684210527,1.8067449973308676,13.1,19.2,8.494736842105263,0.6645580688702716,7.2,9.2,9.715789473684211,1.0894765093050356,8.3,12.4,18.973684210526315,2.6290771733872194,14.7,24.5,19.794736842105262,2.6906161384854514,15.9,26,21.189473684210526,2.2308181700000427,17.5,25.3,17.931578947368422,3.4242683941373113,12.4,24.6,58.78947368421053,5.558366540314811,49.3,70.2,71.10526315789474,8.064701805068701,54.2,86.8,63.6,10.762899237658969,48.6,87,29.46842105263158,1.4821353332941054,27.6,33.8,11.842105263157894,1.6707668862842877,10.1,16.5,8.226315789473684,0.6870566087490397,6.8,9.2,6.089473684210526,0.422814297091006,5.3,6.9,19.926315789473684,1.417290884149192,16.2,22.1,15.873684210526315,2.178463297643843,11.92,20.37,32.83736842105263,4.199428323666691,23.89,38.87,1.108421052631579,0.12816062655445473,0.9,1.41,0.42526315789473684,0.0669467799451866,0.33,0.57,52.40052631578948,2.7865001419227795,47.27,58.43,10.416842105263157,0.9295402246485981,9.06,12.67,70.70631578947368,11.242494884502735,48.48,90.1,47.59947368421052,2.7865001419227795,41.57,52.73,94.72736842105263,7.828008006940536,79.55,113.57,0.31157894736842107,0.056496131420629814,0.21,0.42,87.57368421052632,6.202908108770269,74.5,98.15,1.2610526315789474,0.11536871985277393,1.07,1.64,55.677368421052634,8.668977795760686,42.35,69.47,0.6689473684210526,0.08862497370895114,0.44,0.88,1.7826315789473683,0.25995388704886263,1.45,2.53
Glazoue,64.26,3.5528861507231015,59.8,69.4,64.48,3.755262973481353,59.5,69.7,40.44,3.4739027044521555,37.4,46.4,63.339999999999996,3.7686867739306744,58.3,68.6,28.2,2.1095023109728985,25,30.5,29.4,2.9664793948382653,24.5,32.5,14.58,0.8757853618324527,13.5,15.6,57.8,2.1505813167606567,54.8,60.8,83.36,3.728672686090854,78.5,86.8,20.92,1.420211251891774,18.5,21.9,10.22,1.063954886261631,8.5,11.4,12.2,1.0583005244258363,11.2,14,20.68,1.0134100848126588,19.5,21.8,24.38,0.7328028384224506,23.5,25.3,24.06,1.236122971228996,22.4,25.8,32.14,5.710779281324047,23.5,38,71.32,3.9802009999496257,65.8,76.3,83.94,7.7770817148850915,70.8,90.4,79.46,6.623669677754166,68.5,85.3,35.86,3.325357123678597,30.8,39.8,12.56,0.7402702209328699,11.4,13.4,10.24,0.6542170893518447,9.4,11.2,6.28,0.19235384061671348,6,6.5,16.72,0.6685805860178714,16,17.8,33.8,6.496152707564686,24,39.5,52.316,7.842807533020302,40.13,58.96,1.282,0.0661059755241536,1.21,1.39,0.434,0.02073644135332774,0.41,0.46,56.147999999999996,1.24337041946477,54.82,58.19,8.816,0.260825612239289,8.52,9.12,81.536,2.0759648359256966,78.13,83.58,43.852000000000004,1.24337041946477,41.81,45.18,110.92,2.392226995918238,108.12,114.14,0.314,0.015165750888103114,0.29,0.33,81.116,1.7173904623002918,79.32,83.28,1.3,0.030000000000000027,1.25,1.33,48.762,2.1903355907257662,45.95,52.05,0.63,0.02345207879911717,0.61,0.67,1.768,0.07854934754662199,1.64,1.85
Klouekanmey,55.730232558139534,3.644535040154605,50.7,67.7,55.61162790697674,3.6066215098611516,50.7,67.5,36.353488372093025,2.7632235175958724,33.4,44.8,54.06744186046512,3.5203301340203437,48.8,65.6,25.12558139534884,1.6447742678029038,22.5,31.5,25.653488372093022,1.9978975660392055,22.6,33,12.537209302325582,0.8780452466413685,10.8,14.8,52.2953488372093,2.511492962208894,48.8,61.8,75.9767441860465,4.067984010439518,69.8,89.6,18.74186046511628,1.0438556181268634,16.5,21.9,8.195348837209302,0.5777433473570097,7.4,9.6,10.690697674418605,1.5980365860118968,9,18.6,18.527906976744188,0.9912295350425362,16.5,21.6,23.353488372093025,2.0694315802504226,20.5,30.7,21.623255813953488,1.2994206051897066,18.8,24.6,23.88139534883721,3.1232046891700906,18.5,33.9,60.06511627906977,3.611679712169963,54.5,72.6,69.72093023255813,4.983953209075573,60.8,89.6,64.48837209302326,4.844693184168268,55.8,82.8,30.925581395348836,2.9087792418368332,25.4,41.8,10.951162790697675,0.7796128749404918,9.8,13.8,9.027906976744186,0.5820021196964135,7.8,10.6,5.9581395348837205,0.32162723035299795,5.4,6.8,15.200000000000001,0.8272156395316245,13.6,17.6,20.325581395348838,2.6901135595835264,17,30,36.39720930232558,3.143973316848326,31.66,44.31,1.2197674418604652,0.07929716178470475,1.07,1.38,0.42604651162790697,0.057285398076469915,0.35,0.74,54.88697674418604,1.609753803837748,51.68,57.93,9.934651162790697,0.5110975530645944,9.27,11.5,82.58604651162791,4.4704133928024,70.97,91.23,45.11255813953488,1.6105294796658167,42.07,48.32,106.52767441860465,3.4917261641999624,100,114.87,0.31488372093023254,0.03010869934589035,0.26,0.42,87.1539534883721,2.575010068898377,82.02,92.29,1.2653488372093022,0.020394774915497873,1.21,1.31,43.766976744186046,2.6937604578373695,39.36,52.73,0.6537209302325582,0.01786500380685172,0.62,0.7,1.656046511627907,0.07976571452530218,1.45,1.82
Kpomasse,54.935,6.3472559342393655,44.5,74.5,54.875,6.422483123658965,44.5,74,35.365,4.365688587394349,29.3,47.5,53.5,6.1510803501242135,43.5,72.5,25.625,2.9508027453737506,22.5,34,26.205,3.6968656710074934,22,36,13.36,1.2650774887854022,11.5,16.3,52.725,4.997986436661534,47.8,70.4,76.42,7.886470760272403,67.6,104.5,19.45,1.4648513486645016,17.6,24.2,8.835,0.9772544785210624,7.8,11.2,11.205,1.8256866048003333,8.8,17.5,18.53,1.83936487894456,16.5,23.5,23.785,2.7490237501606583,19,30.8,22.465,2.2248063191870737,19.8,29.5,24.075,5.977402621980818,17.8,42.2,62.165,5.9551194252022395,51.8,77.5,73.485,8.856889973348432,64.5,97.5,68.17,8.867510182802459,57.5,90.4,31,4.6609237846499685,25.8,44.3,11.335,1.2995039539438846,10.4,15.8,8.735,0.898112054900665,7.4,10.8,6.505,0.507288976090707,5.6,8,16.115000000000002,1.3796548004559162,14.5,20.6,21.9,6.608606828260123,16,41,39.402,7.6376681478604525,31.5,58.1,1.147,0.14238938458363132,0.71,1.37,0.4365,0.03856300381399113,0.36,0.51,53.235,3.4653859813879313,41.57,57.8,10.492,0.5503357826674642,9.44,11.33,77.277,5.154085860036828,66.67,84.91,46.765,3.4653859813879313,42.2,58.43,104.1265,5.513281833803473,87.6,112.72,0.2895,0.027429335045761342,0.24,0.36,84.93,4.009803775222608,76.3,92.28,1.282,0.02483630619200768,1.25,1.36,45.387,3.0455335717805028,41.87,52.58,0.644,0.028172401575412703,0.58,0.73,1.767,0.12359100631561047,1.59,2.04
Lokossa,57.55294117647059,5.398217174503228,49.6,69.5,57.81470588235294,5.39647092049257,49.8,69.7,36.46176470588235,3.8258304470566475,30.6,44.8,56.391176470588235,5.311358192280229,48.8,68.6,24.36764705882353,2.002985739254714,21,30.5,25.732352941176472,2.1951351981881255,21.8,31.5,13.129411764705882,0.9715746081754797,11.3,15.3,52.73235294117647,3.872883241066077,46.8,62.5,76.40588235294118,7.114217143263011,54.5,90.9,19.47058823529412,1.489667323399037,17.5,23.2,9.691176470588236,0.7395197651624692,8.6,11.6,11.764705882352942,1.4576615463133797,10,15,19.041176470588237,1.3282747176281706,16.5,21.6,22.594117647058823,2.0660225550223217,18.7,27.5,23.13235294117647,1.7544265381367097,19.8,28.5,26.017647058823528,4.975361755584259,18.9,41.3,63.241176470588236,5.190032267492314,53.6,77.5,76.95588235294117,6.236752805867595,63.5,90.5,70.95882352941176,6.476021863770663,58.6,84.3,32.61764705882353,3.0330972856776333,27.8,40.7,11.858823529411765,1.1781129356418083,9.6,15.6,9.694117647058823,0.6826602049605062,8.6,11.4,5.970588235294118,0.36641540572738923,5.3,7,15.997058823529413,1.2191614838517764,13.8,19.3,23.424411764705884,4.771489311478583,16.5,38.5,40.504411764705885,5.713888550782776,31.29,57.12,1.3641176470588234,0.15397988154810557,1.12,1.94,0.4835294117647059,0.048359910327834786,0.41,0.59,57.54029411764706,2.5875277604063385,52.82,66.04,9.468529411764706,0.5126350958849548,8,10.45,82.06882352941176,4.929866163716503,73.08,92.45,42.45970588235294,2.587527760406338,33.96,47.18,108.56235294117647,5.613199303170367,101.54,127.14,0.36,0.03348450568863338,0.29,0.44,83.52588235294118,3.8427792322958125,75,91.83,1.293235294117647,0.030223469531424345,1.23,1.36,49.79882352941176,1.611276107682096,46.74,52.84,0.6305882352941177,0.023217179698556866,0.58,0.68,1.743529411764706,0.15022977054239028,1.52,2.03
Natitingou,63.22347826086956,6.46724988916535,53.5,83.5,63.39565217391304,6.4560374477754205,53.8,83.8,40.837391304347825,4.556323172724877,33.2,54.5,61.625217391304346,6.37010346494316,52.4,81.8,26.70521739130435,2.851064543512447,22,35,28.247826086956522,3.4091041120332366,23,36.5,14.811304347826088,1.9956428510672992,12.4,22.5,57.49130434782609,5.420276506467163,49.5,74.6,83.21130434782609,7.494357704737603,69.8,106.4,21.141739130434782,2.0985785752773882,15.3,27.5,9.940869565217392,1.0163484390228557,8.3,13.5,13.950434782608696,3.263927617689522,10,25.5,20.449565217391307,2.09549951810028,16.5,25.8,24.456521739130434,2.7428417340473796,19,34.6,25.623478260869565,2.8287784988535063,20.8,37.5,33.1295652173913,5.884010058685265,20,51.3,69.94695652173912,7.6004307557882305,59.5,93.8,83.3695652173913,9.039311551112608,67.9,108.6,77.42086956521739,8.721706090665997,63.5,100.5,37.377391304347825,5.101445630502824,29.4,53.5,13.731304347826088,1.6957307185157002,11.6,20.6,10.078260869565218,0.9837970309046379,8.4,14.3,6.673913043478261,0.5574199583044139,5.7,8.4,17.252695652173912,1.647401633907768,13.9,24.3,29.73086956521739,9.437919463453108,18.5,60.5,46.31191304347826,10.254864818636694,32.86,82.76,1.372086956521739,0.13178594853733103,1.04,1.7,0.5190434782608696,0.07962603286992637,0.37,0.81,57.71782608695652,2.3673490921017337,51.04,62.96,9.587043478260869,0.6910238702976396,8.18,12.8,73.72956521739131,4.75416851093422,61.82,83.05,42.283565217391306,2.3663333807718208,37.04,48.96,110.0244347826087,5.617038332953343,99.07,124.52,0.35304347826086957,0.04167909806924511,0.22,0.51,82.42739130434782,4.361414965745921,69.61,92.17,1.2773913043478262,0.02800648284981689,1.18,1.36,47.10443478260869,2.972284605184731,41.27,61.44,0.6439130434782608,0.022891646073496634,0.58,0.73,1.718608695652174,0.13626526604656042,1.43,2.31
nikki,64.65,7.656108672164991,54.5,82.6,64.66875,7.789284840942288,54.7,83.5,41.86875,5.429637035137185,34.5,53.8,62.525,7.166914724389195,52.6,80.5,28.7375,2.777258840415611,25.5,34.5,30.375,3.101075082397501,27,38,14.35,1.3990472948879655,12,17.6,59.70625,5.7907361362783565,53.5,70.8,85.2875,7.5652605154526364,77.5,99.8,21.21875,2.3813774025410868,18.5,25.6,9.51875,1.101041173919789,8.4,12,13.34375,3.6272981221105423,10,25,21.04375,3.100315844125132,16.8,27,25.4125,3.2362272272920927,21.5,30.8,25.3875,2.98861729455836,21.5,32.5,32.96875,7.786117453519436,25.3,52.8,72.05625,6.223179117889292,63.5,81.8,86.01875,6.385214039743174,77.4,96.5,80.525,7.544048426850578,69.9,91.5,36.825,4.9169773913113195,30.5,46.5,12.925,1.7506189381663464,10.8,17.5,10.31875,1.0622107449403186,9,12.5,6.74375,0.8213555868197403,5.8,8.3,17.5625,1.874344329803536,15.3,21.5,31.0625,8.07852090422498,20,46,47.6475,8.525558828213745,30.96,62.59,1.2475,0.12342339054382413,1.02,1.5,0.46,0.09033271832508973,0.38,0.76,55.395,2.447562052328806,50.46,60.05,9.34375,0.5792624621015933,8.59,10.45,80.2975,5.848341645287148,71.43,90.74,44.7925,2.6651566558084343,39.95,49.54,108.1575,4.759301769517597,101.3,122.19,0.325,0.04381780460041329,0.26,0.43,82.873125,3.8381553186394117,77.41,89.16,1.273125,0.02600480724789171,1.23,1.32,44.91625,2.445937788797309,40,50.27,0.646875,0.02088659857420544,0.61,0.68,1.67,0.20464603587658375,1.01,1.91
Pehunco,61.74473684210526,7.1779541062460135,50.6,84.5,61.96140350877193,7.1830985102127896,50.8,84.8,38.50701754385965,5.240156710793275,29.4,55.9,60.17894736842105,6.8622666304173805,49.4,81.8,26.854385964912282,2.794879652953153,22,36.5,29.12982456140351,3.281671542147666,23.5,40.4,14.541228070175439,1.4076159097188365,11.8,18.8,55.780701754385966,5.065480560469309,47.5,74.3,81.21228070175438,8.149837289769213,66.5,109.8,20.476315789473684,2.1267492594729736,12.6,27.3,9.931578947368422,1.1258283706945873,8,13.8,13.624561403508771,3.937848147912671,10,31,20.060526315789474,1.8393736150552795,17.5,27.5,24.06140350877193,2.48430502637224,18.7,31.8,25.62456140350877,2.661942912877262,21.5,33.6,31.49298245614035,7.67336179856814,21.6,58.3,69.66754385964911,7.322114589077491,56.5,94.8,84.73157894736842,8.390547945753921,69.6,110.5,78.90964912280701,8.537485996031435,61.5,104.5,36.93684210526316,4.570766345340591,28.6,51.5,13.08157894736842,1.7949075352462696,10.6,20.5,10.135087719298246,1.0391438320760293,7.9,13.2,6.422807017543859,0.6722087602043364,5.4,8.5,17.102631578947367,1.503827595931788,14.5,21.5,29.07675438596491,8.176196239571885,18.5,58,46.51280701754386,8.138924991393246,33.94,71.72,1.3000877192982456,0.11681234943529334,1.04,1.64,0.501578947368421,0.09673958243398423,0.39,1.02,56.40263157894737,2.2100943209086186,51.06,62.1,9.236315789473684,0.5544753769485996,7.74,10.39,77.97859649122807,6.037471175063455,62.44,92.45,43.623684210526314,2.191874077174819,37.9,48.94,110.57052631578948,5.61213095711712,96.63,128.19,0.34017543859649124,0.038534720722140495,0.26,0.43,80.25631578947369,3.598909929152933,69.63,91.68,1.307280701754386,0.038288265900898066,1.19,1.51,48.595350877192985,3.683258748518633,41.24,77.78,0.6200877192982456,0.028111522974679046,0.49,0.72,1.8125438596491228,0.15869384675330248,1.17,2.31
Tanguieta,66.52,5.317953702219244,56.5,75.2,66.69,5.452754012037355,56.3,75.6,44.49,3.944202941293115,37.8,50.8,64.935,5.21952558844394,54.7,74.3,28.64,2.6880632824631037,24,33,29.61,2.7280029325497432,25,33.5,15.055,1.135770084220625,13.5,17.5,60.92,5.0581461134750905,52.8,69.8,88.855,7.81398712161993,74.8,99.5,22.255,1.318082738398147,20,24.6,10.455,0.7883860929639407,9,11.7,15.41,2.455905878532507,12,20.7,21.455,2.171701976258301,18.3,25.3,25.76,1.719975520021632,23.8,30.7,26.16,1.9924594693097537,23.2,29.4,37.43,5.691461749155946,28.5,48,73.315,5.529088151718481,65.3,82.5,86.78,7.113634055367497,74.5,96.8,81.58,7.421632676099469,68.4,92.4,38.65,4.863451232893864,32.6,48.5,13.83,1.5352352811282877,11.6,16.5,10.54,0.64023022175004,9.4,11.8,6.87,0.5151392249214105,5.7,8,17.905,1.2550843964073741,16.5,20.5,48.425,10.494704178273615,29.5,63.5,72.2735,12.195085410028696,52.21,90.26,1.3275,0.09458357485091663,1.18,1.48,0.5365,0.05421934011130405,0.46,0.67,56.9625,1.7478674976878776,54.07,59.7,9.3825,0.48090785855614016,8.73,10.18,76.7105,5.441547259644757,66.67,84.75,43.0375,1.7478674976878776,40.3,45.93,109.3255,4.889304627126655,101.05,116.48,0.34,0.028469743865891628,0.29,0.4,83.0925,2.9445522847955554,78.18,91.24,1.2495,0.02235479461111786,1.21,1.29,46.9645,1.8827820261237729,43.33,50,0.6665,0.01980829172474575,0.63,0.7,1.651,0.08045266669879479,1.52,1.8
Toviklin,53.4,0,53.4,53.4,53.4,0.14142135623731153,53.3,53.5,34.7,0.14142135623730648,34.6,34.8,51.25,0.07071067811865074,51.2,51.3,24.75,0.3535533905932738,24.5,25,25.75,0.3535533905932738,25.5,26,12.75,0.3535533905932738,12.5,13,51.7,0.14142135623730648,51.6,51.8,73.5,0.14142135623730148,73.4,73.6,18.4,0,18.4,18.4,8.2,0.2828427124746193,8,8.4,10.25,0.3535533905932738,10,10.5,18.45,0.07071067811865576,18.4,18.5,21.55,0.3535533905932738,21.3,21.8,20.85,0.7778174593052007,20.3,21.4,21.6,0.2828427124746205,21.4,21.8,58.55,1.3435028842544392,57.6,59.5,71.65,2.616295090390228,69.8,73.5,65.19999999999999,0.848528137423859,64.6,65.8,28.75,1.0606601717798212,28,29.5,10.100000000000001,0.4242640687119283,9.8,10.4,8.3,0.4242640687119283,8,8.6,5.75,0.21213203435596475,5.6,5.9,15.05,0.3535533905932738,14.8,15.3,20,0,20,20,37.45,0,37.45,37.45,1.16,0.028284271247461926,1.14,1.18,0.41500000000000004,0.021213203435596406,0.4,0.43,53.65,0.6646803743153531,53.18,54.12,9.82,0.141421356237309,9.72,9.92,82.16,0.7495331880577419,81.63,82.69,46.35,0.6646803743153531,45.88,46.82,103.28999999999999,0.28284271247461296,103.09,103.49,0.27,0.014142135623730963,0.26,0.28,88.325,2.269812767608823,86.72,89.93,1.27,0,1.27,1.27,44.565,1.5344217151748092,43.48,45.65,0.65,0,0.65,0.65,1.685,0.03535533905932741,1.66,1.71
